

insert into T_MOBILE (TEL_NUMB, TEL_TYPE, TEL_ADD, ACC_INIT_AMOUNT, IS_SALE)
values ('13213213211', '3G', '南通', 100, '1');
insert into T_MOBILE (TEL_NUMB, TEL_TYPE, TEL_ADD, ACC_INIT_AMOUNT, IS_SALE)
values ('15768675464', 'GSM', '扬州', 600, '0');
insert into T_MOBILE (TEL_NUMB, TEL_TYPE, TEL_ADD, ACC_INIT_AMOUNT, IS_SALE)
values ('18543534522', 'GSM', '扬州', 500, '0');
insert into T_MOBILE (TEL_NUMB, TEL_TYPE, TEL_ADD, ACC_INIT_AMOUNT, IS_SALE)
values ('13456546234', '3G', '扬州', 400, '0');
insert into T_MOBILE (TEL_NUMB, TEL_TYPE, TEL_ADD, ACC_INIT_AMOUNT, IS_SALE)
values ('15896743544', '3G', '扬州', 300, '0');
insert into T_MOBILE (TEL_NUMB, TEL_TYPE, TEL_ADD, ACC_INIT_AMOUNT, IS_SALE)
values ('18998754434', '3G', '扬州', 200, '0');
insert into T_MOBILE (TEL_NUMB, TEL_TYPE, TEL_ADD, ACC_INIT_AMOUNT, IS_SALE)
values ('18756883461', '3G', '南京', 100, '0');
insert into T_MOBILE (TEL_NUMB, TEL_TYPE, TEL_ADD, ACC_INIT_AMOUNT, IS_SALE)
values ('15672138903', '3G', '南京', 600, '0');
insert into T_MOBILE (TEL_NUMB, TEL_TYPE, TEL_ADD, ACC_INIT_AMOUNT, IS_SALE)
values ('13923218751', '3G', '南京', 400, '0');
insert into T_MOBILE (TEL_NUMB, TEL_TYPE, TEL_ADD, ACC_INIT_AMOUNT, IS_SALE)
values ('18232131217', 'GSM', '南京', 500, '0');
insert into T_MOBILE (TEL_NUMB, TEL_TYPE, TEL_ADD, ACC_INIT_AMOUNT, IS_SALE)
values ('15195221721', 'GSM', '南京', 200, '0');
insert into T_MOBILE (TEL_NUMB, TEL_TYPE, TEL_ADD, ACC_INIT_AMOUNT, IS_SALE)
values ('13165378453', 'GSM', '南京', 800, '0');
insert into T_MOBILE (TEL_NUMB, TEL_TYPE, TEL_ADD, ACC_INIT_AMOUNT, IS_SALE)
values ('13165723476', '4G', '南京', 50, '0');
insert into T_MOBILE (TEL_NUMB, TEL_TYPE, TEL_ADD, ACC_INIT_AMOUNT, IS_SALE)
values ('15412321126', '4G', '南京', 300, '0');
insert into T_MOBILE (TEL_NUMB, TEL_TYPE, TEL_ADD, ACC_INIT_AMOUNT, IS_SALE)
values ('18306348423', '4G', '南京', 200, '0');
insert into T_MOBILE (TEL_NUMB, TEL_TYPE, TEL_ADD, ACC_INIT_AMOUNT, IS_SALE)
values ('13154323123', 'GSM', '镇江', 100, '0');
insert into T_MOBILE (TEL_NUMB, TEL_TYPE, TEL_ADD, ACC_INIT_AMOUNT, IS_SALE)
values ('15355388976', 'GSM', '镇江', 600, '0');
insert into T_MOBILE (TEL_NUMB, TEL_TYPE, TEL_ADD, ACC_INIT_AMOUNT, IS_SALE)
values ('18756432342', 'GSM', '镇江', 800, '0');
insert into T_MOBILE (TEL_NUMB, TEL_TYPE, TEL_ADD, ACC_INIT_AMOUNT, IS_SALE)
values ('13401728138', '3G', '镇江', 200, '0');
insert into T_MOBILE (TEL_NUMB, TEL_TYPE, TEL_ADD, ACC_INIT_AMOUNT, IS_SALE)
values ('15479523412', '3G', '镇江', 400, '0');
insert into T_MOBILE (TEL_NUMB, TEL_TYPE, TEL_ADD, ACC_INIT_AMOUNT, IS_SALE)
values ('18943265425', '3G', '镇江', 300, '0');
insert into T_MOBILE (TEL_NUMB, TEL_TYPE, TEL_ADD, ACC_INIT_AMOUNT, IS_SALE)
values ('13234364522', '4G', '镇江', 50, '0');
insert into T_MOBILE (TEL_NUMB, TEL_TYPE, TEL_ADD, ACC_INIT_AMOUNT, IS_SALE)
values ('15236765732', '4G', '镇江', 100, '0');
insert into T_MOBILE (TEL_NUMB, TEL_TYPE, TEL_ADD, ACC_INIT_AMOUNT, IS_SALE)
values ('18323521351', '4G', '镇江', 500, '0');
insert into T_MOBILE (TEL_NUMB, TEL_TYPE, TEL_ADD, ACC_INIT_AMOUNT, IS_SALE)
values ('13523213423', 'GSM', '常州', 800, '0');
insert into T_MOBILE (TEL_NUMB, TEL_TYPE, TEL_ADD, ACC_INIT_AMOUNT, IS_SALE)
values ('18453421342', 'GSM', '常州', 600, '0');
insert into T_MOBILE (TEL_NUMB, TEL_TYPE, TEL_ADD, ACC_INIT_AMOUNT, IS_SALE)
values ('15213657561', 'GSM', '常州', 400, '0');
insert into T_MOBILE (TEL_NUMB, TEL_TYPE, TEL_ADD, ACC_INIT_AMOUNT, IS_SALE)
values ('13686743323', '3G', '常州', 100, '0');
insert into T_MOBILE (TEL_NUMB, TEL_TYPE, TEL_ADD, ACC_INIT_AMOUNT, IS_SALE)
values ('18454351231', '3G', '常州', 200, '0');
insert into T_MOBILE (TEL_NUMB, TEL_TYPE, TEL_ADD, ACC_INIT_AMOUNT, IS_SALE)
values ('15965435123', '3G', '常州', 50, '0');
insert into T_MOBILE (TEL_NUMB, TEL_TYPE, TEL_ADD, ACC_INIT_AMOUNT, IS_SALE)
values ('15321657652', '4G', '常州', 300, '0');
insert into T_MOBILE (TEL_NUMB, TEL_TYPE, TEL_ADD, ACC_INIT_AMOUNT, IS_SALE)
values ('18543512322', '4G', '常州', 500, '0');
insert into T_MOBILE (TEL_NUMB, TEL_TYPE, TEL_ADD, ACC_INIT_AMOUNT, IS_SALE)
values ('13673242365', '4G', '常州', 300, '0');
insert into T_MOBILE (TEL_NUMB, TEL_TYPE, TEL_ADD, ACC_INIT_AMOUNT, IS_SALE)
values ('13783218782', 'GSM', '无锡', 50, '0');
insert into T_MOBILE (TEL_NUMB, TEL_TYPE, TEL_ADD, ACC_INIT_AMOUNT, IS_SALE)
values ('15894237812', 'GSM', '无锡', 100, '0');
insert into T_MOBILE (TEL_NUMB, TEL_TYPE, TEL_ADD, ACC_INIT_AMOUNT, IS_SALE)
values ('18423489389', 'GSM', '无锡', 200, '0');
insert into T_MOBILE (TEL_NUMB, TEL_TYPE, TEL_ADD, ACC_INIT_AMOUNT, IS_SALE)
values ('13793821232', '3G', '无锡', 300, '0');
insert into T_MOBILE (TEL_NUMB, TEL_TYPE, TEL_ADD, ACC_INIT_AMOUNT, IS_SALE)
values ('15983213122', '3G', '无锡', 400, '0');
insert into T_MOBILE (TEL_NUMB, TEL_TYPE, TEL_ADD, ACC_INIT_AMOUNT, IS_SALE)
values ('18675463242', '3G', '无锡', 500, '0');
insert into T_MOBILE (TEL_NUMB, TEL_TYPE, TEL_ADD, ACC_INIT_AMOUNT, IS_SALE)
values ('18234232131', '4G', '无锡', 600, '0');
insert into T_MOBILE (TEL_NUMB, TEL_TYPE, TEL_ADD, ACC_INIT_AMOUNT, IS_SALE)
values ('15895643532', '4G', '无锡', 800, '0');
insert into T_MOBILE (TEL_NUMB, TEL_TYPE, TEL_ADD, ACC_INIT_AMOUNT, IS_SALE)
values ('13543523443', '4G', '无锡', 200, '0');
insert into T_MOBILE (TEL_NUMB, TEL_TYPE, TEL_ADD, ACC_INIT_AMOUNT, IS_SALE)
values ('13321321561', 'GSM', '苏州', 100, '0');
insert into T_MOBILE (TEL_NUMB, TEL_TYPE, TEL_ADD, ACC_INIT_AMOUNT, IS_SALE)
values ('15783242365', 'GSM', '苏州', 800, '0');
insert into T_MOBILE (TEL_NUMB, TEL_TYPE, TEL_ADD, ACC_INIT_AMOUNT, IS_SALE)
values ('18435435323', 'GSM', '苏州', 600, '0');
insert into T_MOBILE (TEL_NUMB, TEL_TYPE, TEL_ADD, ACC_INIT_AMOUNT, IS_SALE)
values ('18532478234', '3G', '苏州', 500, '0');
insert into T_MOBILE (TEL_NUMB, TEL_TYPE, TEL_ADD, ACC_INIT_AMOUNT, IS_SALE)
values ('15732232334', '3G', '苏州', 400, '0');
insert into T_MOBILE (TEL_NUMB, TEL_TYPE, TEL_ADD, ACC_INIT_AMOUNT, IS_SALE)
values ('13546543121', '3G', '苏州', 300, '0');
insert into T_MOBILE (TEL_NUMB, TEL_TYPE, TEL_ADD, ACC_INIT_AMOUNT, IS_SALE)
values ('13787623432', '4G', '苏州', 200, '0');
insert into T_MOBILE (TEL_NUMB, TEL_TYPE, TEL_ADD, ACC_INIT_AMOUNT, IS_SALE)
values ('18324324454', '4G', '苏州', 100, '0');
insert into T_MOBILE (TEL_NUMB, TEL_TYPE, TEL_ADD, ACC_INIT_AMOUNT, IS_SALE)
values ('15312321354', '4G', '苏州', 50, '0');
insert into T_MOBILE (TEL_NUMB, TEL_TYPE, TEL_ADD, ACC_INIT_AMOUNT, IS_SALE)
values ('13872132378', 'GSM', '南通', 50, '0');
insert into T_MOBILE (TEL_NUMB, TEL_TYPE, TEL_ADD, ACC_INIT_AMOUNT, IS_SALE)
values ('15879435433', 'GSM', '南通', 800, '0');
insert into T_MOBILE (TEL_NUMB, TEL_TYPE, TEL_ADD, ACC_INIT_AMOUNT, IS_SALE)
values ('18342312453', 'GSM', '南通', 100, '0');
insert into T_MOBILE (TEL_NUMB, TEL_TYPE, TEL_ADD, ACC_INIT_AMOUNT, IS_SALE)
values ('13856548964', '3G', '南通', 200, '0');
insert into T_MOBILE (TEL_NUMB, TEL_TYPE, TEL_ADD, ACC_INIT_AMOUNT, IS_SALE)
values ('15767435765', '3G', '南通', 400, '0');
insert into T_MOBILE (TEL_NUMB, TEL_TYPE, TEL_ADD, ACC_INIT_AMOUNT, IS_SALE)
values ('18543567689', '3G', '南通', 300, '0');
insert into T_MOBILE (TEL_NUMB, TEL_TYPE, TEL_ADD, ACC_INIT_AMOUNT, IS_SALE)
values ('13456544356', '4G', '南通', 500, '0');
insert into T_MOBILE (TEL_NUMB, TEL_TYPE, TEL_ADD, ACC_INIT_AMOUNT, IS_SALE)
values ('15765765767', '4G', '南通', 600, '0');
insert into T_MOBILE (TEL_NUMB, TEL_TYPE, TEL_ADD, ACC_INIT_AMOUNT, IS_SALE)
values ('18234342343', '4G', '南通', 300, '0');
insert into T_MOBILE (TEL_NUMB, TEL_TYPE, TEL_ADD, ACC_INIT_AMOUNT, IS_SALE)
values ('13789732131', 'GSM', '泰州', 500, '0');
insert into T_MOBILE (TEL_NUMB, TEL_TYPE, TEL_ADD, ACC_INIT_AMOUNT, IS_SALE)
values ('18532489322', 'GSM', '泰州', 400, '0');
insert into T_MOBILE (TEL_NUMB, TEL_TYPE, TEL_ADD, ACC_INIT_AMOUNT, IS_SALE)
values ('15423657657', 'GSM', '泰州', 300, '0');
insert into T_MOBILE (TEL_NUMB, TEL_TYPE, TEL_ADD, ACC_INIT_AMOUNT, IS_SALE)
values ('13678674343', '3G', '泰州', 800, '0');
insert into T_MOBILE (TEL_NUMB, TEL_TYPE, TEL_ADD, ACC_INIT_AMOUNT, IS_SALE)
values ('15898795454', '3G', '泰州', 600, '0');
insert into T_MOBILE (TEL_NUMB, TEL_TYPE, TEL_ADD, ACC_INIT_AMOUNT, IS_SALE)
values ('18543543523', '3G', '泰州', 200, '0');
insert into T_MOBILE (TEL_NUMB, TEL_TYPE, TEL_ADD, ACC_INIT_AMOUNT, IS_SALE)
values ('13778745432', '4G', '泰州', 100, '0');
insert into T_MOBILE (TEL_NUMB, TEL_TYPE, TEL_ADD, ACC_INIT_AMOUNT, IS_SALE)
values ('15835437837', '4G', '泰州', 50, '0');
insert into T_MOBILE (TEL_NUMB, TEL_TYPE, TEL_ADD, ACC_INIT_AMOUNT, IS_SALE)
values ('18435438733', '4G', '泰州', 400, '0');
insert into T_MOBILE (TEL_NUMB, TEL_TYPE, TEL_ADD, ACC_INIT_AMOUNT, IS_SALE)
values ('13987534343', 'GSM', '扬州', 800, '0');
insert into T_MOBILE (TEL_NUMB, TEL_TYPE, TEL_ADD, ACC_INIT_AMOUNT, IS_SALE)
values ('13678676876', '4G', '扬州', 50, '0');
insert into T_MOBILE (TEL_NUMB, TEL_TYPE, TEL_ADD, ACC_INIT_AMOUNT, IS_SALE)
values ('15768435443', '4G', '扬州', 100, '0');
insert into T_MOBILE (TEL_NUMB, TEL_TYPE, TEL_ADD, ACC_INIT_AMOUNT, IS_SALE)
values ('18434324123', '4G', '扬州', 400, '0');
insert into T_MOBILE (TEL_NUMB, TEL_TYPE, TEL_ADD, ACC_INIT_AMOUNT, IS_SALE)
values ('13786748323', 'GSM', '宿迁', 50, '0');
insert into T_MOBILE (TEL_NUMB, TEL_TYPE, TEL_ADD, ACC_INIT_AMOUNT, IS_SALE)
values ('15654675462', 'GSM', '宿迁', 100, '0');
insert into T_MOBILE (TEL_NUMB, TEL_TYPE, TEL_ADD, ACC_INIT_AMOUNT, IS_SALE)
values ('18796435343', 'GSM', '宿迁', 200, '0');
insert into T_MOBILE (TEL_NUMB, TEL_TYPE, TEL_ADD, ACC_INIT_AMOUNT, IS_SALE)
values ('13783797843', '3G', '宿迁', 300, '0');
insert into T_MOBILE (TEL_NUMB, TEL_TYPE, TEL_ADD, ACC_INIT_AMOUNT, IS_SALE)
values ('15732481231', '3G', '宿迁', 400, '0');
insert into T_MOBILE (TEL_NUMB, TEL_TYPE, TEL_ADD, ACC_INIT_AMOUNT, IS_SALE)
values ('18454353243', '3G', '宿迁', 600, '0');
insert into T_MOBILE (TEL_NUMB, TEL_TYPE, TEL_ADD, ACC_INIT_AMOUNT, IS_SALE)
values ('15678678443', '4G', '宿迁', 500, '0');
insert into T_MOBILE (TEL_NUMB, TEL_TYPE, TEL_ADD, ACC_INIT_AMOUNT, IS_SALE)
values ('13546546547', '4G', '宿迁', 800, '0');
insert into T_MOBILE (TEL_NUMB, TEL_TYPE, TEL_ADD, ACC_INIT_AMOUNT, IS_SALE)
values ('18905654654', '4G', '宿迁', 600, '0');
insert into T_MOBILE (TEL_NUMB, TEL_TYPE, TEL_ADD, ACC_INIT_AMOUNT, IS_SALE)
values ('13867835434', 'GSM', '淮安', 800, '0');
insert into T_MOBILE (TEL_NUMB, TEL_TYPE, TEL_ADD, ACC_INIT_AMOUNT, IS_SALE)
values ('15676754234', 'GSM', '淮安', 50, '0');
insert into T_MOBILE (TEL_NUMB, TEL_TYPE, TEL_ADD, ACC_INIT_AMOUNT, IS_SALE)
values ('18434324657', 'GSM', '淮安', 500, '0');
insert into T_MOBILE (TEL_NUMB, TEL_TYPE, TEL_ADD, ACC_INIT_AMOUNT, IS_SALE)
values ('13754654342', '3G', '淮安', 400, '0');
insert into T_MOBILE (TEL_NUMB, TEL_TYPE, TEL_ADD, ACC_INIT_AMOUNT, IS_SALE)
values ('15678678343', '3G', '淮安', 300, '0');
insert into T_MOBILE (TEL_NUMB, TEL_TYPE, TEL_ADD, ACC_INIT_AMOUNT, IS_SALE)
values ('18433543543', '3G', '淮安', 200, '0');
insert into T_MOBILE (TEL_NUMB, TEL_TYPE, TEL_ADD, ACC_INIT_AMOUNT, IS_SALE)
values ('13768768211', '4G', '淮安', 100, '0');
insert into T_MOBILE (TEL_NUMB, TEL_TYPE, TEL_ADD, ACC_INIT_AMOUNT, IS_SALE)
values ('15789768657', '4G', '淮安', 600, '0');
insert into T_MOBILE (TEL_NUMB, TEL_TYPE, TEL_ADD, ACC_INIT_AMOUNT, IS_SALE)
values ('18435435431', '4G', '淮安', 800, '0');
insert into T_MOBILE (TEL_NUMB, TEL_TYPE, TEL_ADD, ACC_INIT_AMOUNT, IS_SALE)
values ('13435465461', 'GSM', '徐州', 800, '0');
insert into T_MOBILE (TEL_NUMB, TEL_TYPE, TEL_ADD, ACC_INIT_AMOUNT, IS_SALE)
values ('15768657653', 'GSM', '徐州', 600, '0');
insert into T_MOBILE (TEL_NUMB, TEL_TYPE, TEL_ADD, ACC_INIT_AMOUNT, IS_SALE)
values ('18454352456', 'GSM', '徐州', 400, '0');
insert into T_MOBILE (TEL_NUMB, TEL_TYPE, TEL_ADD, ACC_INIT_AMOUNT, IS_SALE)
values ('13879877645', '3G', '徐州', 500, '0');
insert into T_MOBILE (TEL_NUMB, TEL_TYPE, TEL_ADD, ACC_INIT_AMOUNT, IS_SALE)
values ('15657657234', '3G', '徐州', 300, '0');
insert into T_MOBILE (TEL_NUMB, TEL_TYPE, TEL_ADD, ACC_INIT_AMOUNT, IS_SALE)
values ('18435435467', '3G', '徐州', 200, '0');
insert into T_MOBILE (TEL_NUMB, TEL_TYPE, TEL_ADD, ACC_INIT_AMOUNT, IS_SALE)
values ('13676572342', '4G', '徐州', 100, '0');
insert into T_MOBILE (TEL_NUMB, TEL_TYPE, TEL_ADD, ACC_INIT_AMOUNT, IS_SALE)
values ('18546456542', '4G', '徐州', 50, '0');
insert into T_MOBILE (TEL_NUMB, TEL_TYPE, TEL_ADD, ACC_INIT_AMOUNT, IS_SALE)
values ('15387467324', '4G', '徐州', 100, '0');
commit;

insert into T_MOBILE (TEL_NUMB, TEL_TYPE, TEL_ADD, ACC_INIT_AMOUNT, IS_SALE)
values ('15234324667', 'GSM', '连云港', 100, '0');
insert into T_MOBILE (TEL_NUMB, TEL_TYPE, TEL_ADD, ACC_INIT_AMOUNT, IS_SALE)
values ('18565464231', 'GSM', '连云港', 200, '0');
insert into T_MOBILE (TEL_NUMB, TEL_TYPE, TEL_ADD, ACC_INIT_AMOUNT, IS_SALE)
values ('13546546232', '3G', '连云港', 300, '0');
insert into T_MOBILE (TEL_NUMB, TEL_TYPE, TEL_ADD, ACC_INIT_AMOUNT, IS_SALE)
values ('15765765723', '3G', '连云港', 400, '0');
insert into T_MOBILE (TEL_NUMB, TEL_TYPE, TEL_ADD, ACC_INIT_AMOUNT, IS_SALE)
values ('18423423233', '3G', '连云港', 500, '0');
insert into T_MOBILE (TEL_NUMB, TEL_TYPE, TEL_ADD, ACC_INIT_AMOUNT, IS_SALE)
values ('13546576575', '4G', '连云港', 600, '0');
insert into T_MOBILE (TEL_NUMB, TEL_TYPE, TEL_ADD, ACC_INIT_AMOUNT, IS_SALE)
values ('15654654512', '4G', '连云港', 800, '0');
insert into T_MOBILE (TEL_NUMB, TEL_TYPE, TEL_ADD, ACC_INIT_AMOUNT, IS_SALE)
values ('18432423564', '4G', '连云港', 400, '0');
insert into T_MOBILE (TEL_NUMB, TEL_TYPE, TEL_ADD, ACC_INIT_AMOUNT, IS_SALE)
values ('13023565305', '3G', '盐城', 100, '1');
insert into T_MOBILE (TEL_NUMB, TEL_TYPE, TEL_ADD, ACC_INIT_AMOUNT, IS_SALE)
values ('13775357881', '3G', '南通', 100, '1');
insert into T_MOBILE (TEL_NUMB, TEL_TYPE, TEL_ADD, ACC_INIT_AMOUNT, IS_SALE)
values ('18851317743', '4G', '南京', 100, '1');
insert into T_MOBILE (TEL_NUMB, TEL_TYPE, TEL_ADD, ACC_INIT_AMOUNT, IS_SALE)
values ('15678678323', 'GSM', '盐城', 400, '0');
insert into T_MOBILE (TEL_NUMB, TEL_TYPE, TEL_ADD, ACC_INIT_AMOUNT, IS_SALE)
values ('13775357811', '3G', '南京', 50, '1');
insert into T_MOBILE (TEL_NUMB, TEL_TYPE, TEL_ADD, ACC_INIT_AMOUNT, IS_SALE)
values ('15815317743', 'GSM', '南京', 200, '1');
insert into T_MOBILE (TEL_NUMB, TEL_TYPE, TEL_ADD, ACC_INIT_AMOUNT, IS_SALE)
values ('18543543543', 'GSM', '盐城', 50, '0');
insert into T_MOBILE (TEL_NUMB, TEL_TYPE, TEL_ADD, ACC_INIT_AMOUNT, IS_SALE)
values ('13786576543', 'GSM', '盐城', 600, '0');
insert into T_MOBILE (TEL_NUMB, TEL_TYPE, TEL_ADD, ACC_INIT_AMOUNT, IS_SALE)
values ('15764358768', '3G', '盐城', 800, '0');
insert into T_MOBILE (TEL_NUMB, TEL_TYPE, TEL_ADD, ACC_INIT_AMOUNT, IS_SALE)
values ('18656442342', '3G', '盐城', 400, '0');
insert into T_MOBILE (TEL_NUMB, TEL_TYPE, TEL_ADD, ACC_INIT_AMOUNT, IS_SALE)
values ('13452217743', '3G', '苏州', 300, '1');
insert into T_MOBILE (TEL_NUMB, TEL_TYPE, TEL_ADD, ACC_INIT_AMOUNT, IS_SALE)
values ('15329138121', '3G', '苏州', 100, '1');
insert into T_MOBILE (TEL_NUMB, TEL_TYPE, TEL_ADD, ACC_INIT_AMOUNT, IS_SALE)
values ('15765765435', '3G', '盐城', 300, '0');
insert into T_MOBILE (TEL_NUMB, TEL_TYPE, TEL_ADD, ACC_INIT_AMOUNT, IS_SALE)
values ('13456375432', '3G', '无锡', 100, '1');
insert into T_MOBILE (TEL_NUMB, TEL_TYPE, TEL_ADD, ACC_INIT_AMOUNT, IS_SALE)
values ('13546457657', '4G', '盐城', 200, '0');
insert into T_MOBILE (TEL_NUMB, TEL_TYPE, TEL_ADD, ACC_INIT_AMOUNT, IS_SALE)
values ('18345435234', '4G', '盐城', 50, '0');
insert into T_MOBILE (TEL_NUMB, TEL_TYPE, TEL_ADD, ACC_INIT_AMOUNT, IS_SALE)
values ('15324324232', '4G', '盐城', 50, '0');
insert into T_MOBILE (TEL_NUMB, TEL_TYPE, TEL_ADD, ACC_INIT_AMOUNT, IS_SALE)
values ('13435435213', 'GSM', '盐城', 100, '0');
commit;

insert into T_ACCOUNT (ACCOUNT_ID, TEL_NUMBER, ACCOUNT_BALANCE)
values (2, '13023565305', 2707);
insert into T_ACCOUNT (ACCOUNT_ID, TEL_NUMBER, ACCOUNT_BALANCE)
values (1061, '15329138121', 100);
insert into T_ACCOUNT (ACCOUNT_ID, TEL_NUMBER, ACCOUNT_BALANCE)
values (1062, '18851317743', 100);
insert into T_ACCOUNT (ACCOUNT_ID, TEL_NUMBER, ACCOUNT_BALANCE)
values (1063, '15815317743', 200);
insert into T_ACCOUNT (ACCOUNT_ID, TEL_NUMBER, ACCOUNT_BALANCE)
values (1060, '13452217743', 300);
insert into T_ACCOUNT (ACCOUNT_ID, TEL_NUMBER, ACCOUNT_BALANCE)
values (1002, '13456375432', 1473);
insert into T_ACCOUNT (ACCOUNT_ID, TEL_NUMBER, ACCOUNT_BALANCE)
values (1020, '13775357811', 50);
insert into T_ACCOUNT (ACCOUNT_ID, TEL_NUMBER, ACCOUNT_BALANCE)
values (1040, '13775357881', 260);
insert into T_ACCOUNT (ACCOUNT_ID, TEL_NUMBER, ACCOUNT_BALANCE)
values (1080, '13213213211', 100);
commit;

insert into T_BUSINESS_FEE (BUSINESS_ID, BUSINESS_NAME, SHORT_NAME, BUSINESS_CHARGE, IS_OPTIONAL, IS_LARGESS)
values (1000, '国内数据流量10M', '10M', 0, '0', '1');
insert into T_BUSINESS_FEE (BUSINESS_ID, BUSINESS_NAME, SHORT_NAME, BUSINESS_CHARGE, IS_OPTIONAL, IS_LARGESS)
values (1001, '国内数据流量30M', '30M', 0, '0', '1');
insert into T_BUSINESS_FEE (BUSINESS_ID, BUSINESS_NAME, SHORT_NAME, BUSINESS_CHARGE, IS_OPTIONAL, IS_LARGESS)
values (1002, '国内数据流量60M', '60M', 0, '0', '1');
insert into T_BUSINESS_FEE (BUSINESS_ID, BUSINESS_NAME, SHORT_NAME, BUSINESS_CHARGE, IS_OPTIONAL, IS_LARGESS)
values (1003, '国内数据流量100M', '100M', 0, '0', '1');
insert into T_BUSINESS_FEE (BUSINESS_ID, BUSINESS_NAME, SHORT_NAME, BUSINESS_CHARGE, IS_OPTIONAL, IS_LARGESS)
values (1004, '国内数据流量250M', '250M', 0, '0', '1');
insert into T_BUSINESS_FEE (BUSINESS_ID, BUSINESS_NAME, SHORT_NAME, BUSINESS_CHARGE, IS_OPTIONAL, IS_LARGESS)
values (1005, '国内数据流量700M', '700M', 0, '0', '1');
insert into T_BUSINESS_FEE (BUSINESS_ID, BUSINESS_NAME, SHORT_NAME, BUSINESS_CHARGE, IS_OPTIONAL, IS_LARGESS)
values (1006, '国内数据流量1G', '1G', 0, '0', '1');
insert into T_BUSINESS_FEE (BUSINESS_ID, BUSINESS_NAME, SHORT_NAME, BUSINESS_CHARGE, IS_OPTIONAL, IS_LARGESS)
values (1007, '国内数据流量2G', '2G', 0, '0', '1');
insert into T_BUSINESS_FEE (BUSINESS_ID, BUSINESS_NAME, SHORT_NAME, BUSINESS_CHARGE, IS_OPTIONAL, IS_LARGESS)
values (1008, '国内通话时间30分钟', '30分钟', 0, '0', '1');
insert into T_BUSINESS_FEE (BUSINESS_ID, BUSINESS_NAME, SHORT_NAME, BUSINESS_CHARGE, IS_OPTIONAL, IS_LARGESS)
values (1009, '国内通话时间50分钟', '50分钟', 0, '0', '1');
insert into T_BUSINESS_FEE (BUSINESS_ID, BUSINESS_NAME, SHORT_NAME, BUSINESS_CHARGE, IS_OPTIONAL, IS_LARGESS)
values (1010, '国内通话时间80分钟', '80分钟', 0, '0', '1');
insert into T_BUSINESS_FEE (BUSINESS_ID, BUSINESS_NAME, SHORT_NAME, BUSINESS_CHARGE, IS_OPTIONAL, IS_LARGESS)
values (1011, '国内通话时间100分钟', '100分钟', 0, '0', '1');
insert into T_BUSINESS_FEE (BUSINESS_ID, BUSINESS_NAME, SHORT_NAME, BUSINESS_CHARGE, IS_OPTIONAL, IS_LARGESS)
values (1012, '国内通话时间150分钟', '150分钟', 0, '0', '1');
insert into T_BUSINESS_FEE (BUSINESS_ID, BUSINESS_NAME, SHORT_NAME, BUSINESS_CHARGE, IS_OPTIONAL, IS_LARGESS)
values (1013, '国内通话时间200分钟', '200分钟', 0, '0', '1');
insert into T_BUSINESS_FEE (BUSINESS_ID, BUSINESS_NAME, SHORT_NAME, BUSINESS_CHARGE, IS_OPTIONAL, IS_LARGESS)
values (1014, '国内通话时间300分钟', '300分钟', 0, '0', '1');
insert into T_BUSINESS_FEE (BUSINESS_ID, BUSINESS_NAME, SHORT_NAME, BUSINESS_CHARGE, IS_OPTIONAL, IS_LARGESS)
values (1015, '国内通话时间400分钟', '400分钟', 0, '0', '1');
insert into T_BUSINESS_FEE (BUSINESS_ID, BUSINESS_NAME, SHORT_NAME, BUSINESS_CHARGE, IS_OPTIONAL, IS_LARGESS)
values (1016, '亲情号码', null, 1, '1', null);
insert into T_BUSINESS_FEE (BUSINESS_ID, BUSINESS_NAME, SHORT_NAME, BUSINESS_CHARGE, IS_OPTIONAL, IS_LARGESS)
values (1017, '5元包30MB国内流量', null, 5, '1', null);
insert into T_BUSINESS_FEE (BUSINESS_ID, BUSINESS_NAME, SHORT_NAME, BUSINESS_CHARGE, IS_OPTIONAL, IS_LARGESS)
values (1018, '10元包70MB国内流量', null, 10, '1', null);
insert into T_BUSINESS_FEE (BUSINESS_ID, BUSINESS_NAME, SHORT_NAME, BUSINESS_CHARGE, IS_OPTIONAL, IS_LARGESS)
values (1019, '20元包150MB国内流量', null, 20, '1', null);
insert into T_BUSINESS_FEE (BUSINESS_ID, BUSINESS_NAME, SHORT_NAME, BUSINESS_CHARGE, IS_OPTIONAL, IS_LARGESS)
values (1020, '来电显示', null, 0, '0', '0');
insert into T_BUSINESS_FEE (BUSINESS_ID, BUSINESS_NAME, SHORT_NAME, BUSINESS_CHARGE, IS_OPTIONAL, IS_LARGESS)
values (1021, '短信功能', null, 0, '0', '0');
insert into T_BUSINESS_FEE (BUSINESS_ID, BUSINESS_NAME, SHORT_NAME, BUSINESS_CHARGE, IS_OPTIONAL, IS_LARGESS)
values (1022, '呼叫转移', null, 0, '0', '0');
insert into T_BUSINESS_FEE (BUSINESS_ID, BUSINESS_NAME, SHORT_NAME, BUSINESS_CHARGE, IS_OPTIONAL, IS_LARGESS)
values (1023, '数据功能', null, 0, '0', '0');
insert into T_BUSINESS_FEE (BUSINESS_ID, BUSINESS_NAME, SHORT_NAME, BUSINESS_CHARGE, IS_OPTIONAL, IS_LARGESS)
values (1024, '彩铃', null, 5, '1', null);
insert into T_BUSINESS_FEE (BUSINESS_ID, BUSINESS_NAME, SHORT_NAME, BUSINESS_CHARGE, IS_OPTIONAL, IS_LARGESS)
values (1025, '短信呼', null, 1, '1', null);
insert into T_BUSINESS_FEE (BUSINESS_ID, BUSINESS_NAME, SHORT_NAME, BUSINESS_CHARGE, IS_OPTIONAL, IS_LARGESS)
values (1026, '两城一家', null, 2, '1', null);
insert into T_BUSINESS_FEE (BUSINESS_ID, BUSINESS_NAME, SHORT_NAME, BUSINESS_CHARGE, IS_OPTIONAL, IS_LARGESS)
values (1027, '定向长途', null, 3, '1', null);
commit;

insert into T_CUSTOMER (CUSTOMER_ID, CUSTOMER_USERNAME, CUSTOMER_NAME, ID_CARD_NUMB, TEL_NUMB, CUSTOMER_BIRTHDAY, CUSTOMER_PWD)
values (1021, '1213042021', '张三', '320923199411051211', '13456375432', to_date('01-11-1990', 'dd-mm-yyyy'), '123');
insert into T_CUSTOMER (CUSTOMER_ID, CUSTOMER_USERNAME, CUSTOMER_NAME, ID_CARD_NUMB, TEL_NUMB, CUSTOMER_BIRTHDAY, CUSTOMER_PWD)
values (1004, '1213042022', '李四', '320923199411051216', '13023565305', to_date('05-11-1990', 'dd-mm-yyyy'), '123');
insert into T_CUSTOMER (CUSTOMER_ID, CUSTOMER_USERNAME, CUSTOMER_NAME, ID_CARD_NUMB, TEL_NUMB, CUSTOMER_BIRTHDAY, CUSTOMER_PWD)
values (1081, '1213042025', '三毛', '320923199411251211', '13452217743', to_date('01-01-1990', 'dd-mm-yyyy'), '123');
insert into T_CUSTOMER (CUSTOMER_ID, CUSTOMER_USERNAME, CUSTOMER_NAME, ID_CARD_NUMB, TEL_NUMB, CUSTOMER_BIRTHDAY, CUSTOMER_PWD)
values (1082, '1213042026', '阿七', '320923189411051211', '15329138121', to_date('16-11-1990', 'dd-mm-yyyy'), '123');
insert into T_CUSTOMER (CUSTOMER_ID, CUSTOMER_USERNAME, CUSTOMER_NAME, ID_CARD_NUMB, TEL_NUMB, CUSTOMER_BIRTHDAY, CUSTOMER_PWD)
values (1060, '1213042023', '王五', '320923199411051216', '13775357811', to_date('05-11-1990', 'dd-mm-yyyy'), '123');
insert into T_CUSTOMER (CUSTOMER_ID, CUSTOMER_USERNAME, CUSTOMER_NAME, ID_CARD_NUMB, TEL_NUMB, CUSTOMER_BIRTHDAY, CUSTOMER_PWD)
values (1080, '1213042024', '赵六', '320923199411051211', '15815317743', to_date('05-08-1990', 'dd-mm-yyyy'), '123');
commit;

insert into T_PHONE_PACKAGE (PP_ID, PP_NAME, PP_FEE, IS_AVALIABLE)
values (1001, '18元套餐A', 18, '1');
insert into T_PHONE_PACKAGE (PP_ID, PP_NAME, PP_FEE, IS_AVALIABLE)
values (1002, '18元套餐B', 18, '1');
insert into T_PHONE_PACKAGE (PP_ID, PP_NAME, PP_FEE, IS_AVALIABLE)
values (1003, '28元套餐A', 28, '1');
insert into T_PHONE_PACKAGE (PP_ID, PP_NAME, PP_FEE, IS_AVALIABLE)
values (1004, '58元套餐A', 58, '1');
insert into T_PHONE_PACKAGE (PP_ID, PP_NAME, PP_FEE, IS_AVALIABLE)
values (1005, '88元套餐A', 88, '1');
insert into T_PHONE_PACKAGE (PP_ID, PP_NAME, PP_FEE, IS_AVALIABLE)
values (1006, '88元套餐B', 88, '1');
insert into T_PHONE_PACKAGE (PP_ID, PP_NAME, PP_FEE, IS_AVALIABLE)
values (1007, '128元套餐A', 128, '1');
insert into T_PHONE_PACKAGE (PP_ID, PP_NAME, PP_FEE, IS_AVALIABLE)
values (1008, '128元套餐B', 128, '1');
commit;

insert into T_MOBILE_PACKAGE (TEL_PACKAGE_ID, TEL_NUMB, BUSINESS_ID, PP_ID, START_TIME, END_TIME)
values (1101, '13023565305', null, 1004, to_date('08-09-2015 09:09:28', 'dd-mm-yyyy hh24:mi:ss'), to_date('08-10-2015 09:09:28', 'dd-mm-yyyy hh24:mi:ss'));
insert into T_MOBILE_PACKAGE (TEL_PACKAGE_ID, TEL_NUMB, BUSINESS_ID, PP_ID, START_TIME, END_TIME)
values (1181, '13023565305', 1025, 1004, to_date('09-09-2015 15:06:53', 'dd-mm-yyyy hh24:mi:ss'), to_date('09-10-2015 15:06:53', 'dd-mm-yyyy hh24:mi:ss'));
insert into T_MOBILE_PACKAGE (TEL_PACKAGE_ID, TEL_NUMB, BUSINESS_ID, PP_ID, START_TIME, END_TIME)
values (1109, '18851317743', null, 1002, null, null);
insert into T_MOBILE_PACKAGE (TEL_PACKAGE_ID, TEL_NUMB, BUSINESS_ID, PP_ID, START_TIME, END_TIME)
values (1110, '13023565305', null, 1004, to_date('08-09-2015 10:17:26', 'dd-mm-yyyy hh24:mi:ss'), to_date('08-10-2015 10:17:26', 'dd-mm-yyyy hh24:mi:ss'));
insert into T_MOBILE_PACKAGE (TEL_PACKAGE_ID, TEL_NUMB, BUSINESS_ID, PP_ID, START_TIME, END_TIME)
values (1062, '13023565305', 1016, 1004, to_date('06-09-2015', 'dd-mm-yyyy'), to_date('06-10-2015', 'dd-mm-yyyy'));
insert into T_MOBILE_PACKAGE (TEL_PACKAGE_ID, TEL_NUMB, BUSINESS_ID, PP_ID, START_TIME, END_TIME)
values (1111, '15815317743', null, 1003, null, null);
insert into T_MOBILE_PACKAGE (TEL_PACKAGE_ID, TEL_NUMB, BUSINESS_ID, PP_ID, START_TIME, END_TIME)
values (1120, '13023565305', null, 1004, to_date('08-09-2015 11:27:58', 'dd-mm-yyyy hh24:mi:ss'), to_date('08-10-2015 11:27:58', 'dd-mm-yyyy hh24:mi:ss'));
insert into T_MOBILE_PACKAGE (TEL_PACKAGE_ID, TEL_NUMB, BUSINESS_ID, PP_ID, START_TIME, END_TIME)
values (1105, '13023565305', null, 1004, to_date('08-09-2015 09:09:33', 'dd-mm-yyyy hh24:mi:ss'), to_date('08-10-2015 09:09:33', 'dd-mm-yyyy hh24:mi:ss'));
insert into T_MOBILE_PACKAGE (TEL_PACKAGE_ID, TEL_NUMB, BUSINESS_ID, PP_ID, START_TIME, END_TIME)
values (1108, '15329138121', null, 1005, null, null);
insert into T_MOBILE_PACKAGE (TEL_PACKAGE_ID, TEL_NUMB, BUSINESS_ID, PP_ID, START_TIME, END_TIME)
values (1140, '13023565305', null, 1004, to_date('08-09-2015 14:18:31', 'dd-mm-yyyy hh24:mi:ss'), to_date('08-10-2015 14:18:31', 'dd-mm-yyyy hh24:mi:ss'));
insert into T_MOBILE_PACKAGE (TEL_PACKAGE_ID, TEL_NUMB, BUSINESS_ID, PP_ID, START_TIME, END_TIME)
values (1106, '13023565305', 1027, 1004, to_date('08-09-2015 09:09:34', 'dd-mm-yyyy hh24:mi:ss'), to_date('08-10-2015 09:09:34', 'dd-mm-yyyy hh24:mi:ss'));
insert into T_MOBILE_PACKAGE (TEL_PACKAGE_ID, TEL_NUMB, BUSINESS_ID, PP_ID, START_TIME, END_TIME)
values (1141, '13023565305', null, 1004, to_date('08-09-2015 14:18:56', 'dd-mm-yyyy hh24:mi:ss'), to_date('08-10-2015 14:18:56', 'dd-mm-yyyy hh24:mi:ss'));
insert into T_MOBILE_PACKAGE (TEL_PACKAGE_ID, TEL_NUMB, BUSINESS_ID, PP_ID, START_TIME, END_TIME)
values (1107, '13452217743', null, 1002, null, null);
insert into T_MOBILE_PACKAGE (TEL_PACKAGE_ID, TEL_NUMB, BUSINESS_ID, PP_ID, START_TIME, END_TIME)
values (1001, '13456375432', null, 1003, null, null);
insert into T_MOBILE_PACKAGE (TEL_PACKAGE_ID, TEL_NUMB, BUSINESS_ID, PP_ID, START_TIME, END_TIME)
values (1020, '13775357811', null, 1001, null, null);
insert into T_MOBILE_PACKAGE (TEL_PACKAGE_ID, TEL_NUMB, BUSINESS_ID, PP_ID, START_TIME, END_TIME)
values (1040, '13775357881', null, 1003, null, null);
insert into T_MOBILE_PACKAGE (TEL_PACKAGE_ID, TEL_NUMB, BUSINESS_ID, PP_ID, START_TIME, END_TIME)
values (1160, '13456375432', 1024, 1003, to_date('08-09-2015 14:59:11', 'dd-mm-yyyy hh24:mi:ss'), to_date('08-10-2015 14:59:11', 'dd-mm-yyyy hh24:mi:ss'));
insert into T_MOBILE_PACKAGE (TEL_PACKAGE_ID, TEL_NUMB, BUSINESS_ID, PP_ID, START_TIME, END_TIME)
values (1180, '13213213211', null, 1002, null, null);
commit;

insert into T_PACKAGE_BUSINESS (PP_ID, BUSINESS_ID)
values (1001, 1000);
insert into T_PACKAGE_BUSINESS (PP_ID, BUSINESS_ID)
values (1001, 1009);
insert into T_PACKAGE_BUSINESS (PP_ID, BUSINESS_ID)
values (1002, 1001);
insert into T_PACKAGE_BUSINESS (PP_ID, BUSINESS_ID)
values (1002, 1008);
insert into T_PACKAGE_BUSINESS (PP_ID, BUSINESS_ID)
values (1003, 1002);
insert into T_PACKAGE_BUSINESS (PP_ID, BUSINESS_ID)
values (1003, 1010);
insert into T_PACKAGE_BUSINESS (PP_ID, BUSINESS_ID)
values (1004, 1003);
insert into T_PACKAGE_BUSINESS (PP_ID, BUSINESS_ID)
values (1004, 1011);
insert into T_PACKAGE_BUSINESS (PP_ID, BUSINESS_ID)
values (1005, 1004);
insert into T_PACKAGE_BUSINESS (PP_ID, BUSINESS_ID)
values (1005, 1013);
insert into T_PACKAGE_BUSINESS (PP_ID, BUSINESS_ID)
values (1006, 1005);
insert into T_PACKAGE_BUSINESS (PP_ID, BUSINESS_ID)
values (1006, 1012);
insert into T_PACKAGE_BUSINESS (PP_ID, BUSINESS_ID)
values (1007, 1006);
insert into T_PACKAGE_BUSINESS (PP_ID, BUSINESS_ID)
values (1007, 1015);
insert into T_PACKAGE_BUSINESS (PP_ID, BUSINESS_ID)
values (1008, 1007);
insert into T_PACKAGE_BUSINESS (PP_ID, BUSINESS_ID)
values (1008, 1014);
commit;

insert into T_PREFERENTIAL_INFOR (PREFERENTIAL_ID, PREFERENTIAL_NAME, TEL_CHARGE, DISCOUNT_AMOUNT, START_TIME, ENDTIME, IS_AVAILABLE)
values (1001, '充50送2', 50, 2, to_date('01-01-2013', 'dd-mm-yyyy'), to_date('01-07-2014', 'dd-mm-yyyy'), '1');
insert into T_PREFERENTIAL_INFOR (PREFERENTIAL_ID, PREFERENTIAL_NAME, TEL_CHARGE, DISCOUNT_AMOUNT, START_TIME, ENDTIME, IS_AVAILABLE)
values (1002, '充100送8', 100, 8, to_date('01-01-2013', 'dd-mm-yyyy'), to_date('01-07-2014', 'dd-mm-yyyy'), '1');
insert into T_PREFERENTIAL_INFOR (PREFERENTIAL_ID, PREFERENTIAL_NAME, TEL_CHARGE, DISCOUNT_AMOUNT, START_TIME, ENDTIME, IS_AVAILABLE)
values (1003, '充200送15', 200, 15, to_date('01-01-2013', 'dd-mm-yyyy'), to_date('01-07-2014', 'dd-mm-yyyy'), '1');
insert into T_PREFERENTIAL_INFOR (PREFERENTIAL_ID, PREFERENTIAL_NAME, TEL_CHARGE, DISCOUNT_AMOUNT, START_TIME, ENDTIME, IS_AVAILABLE)
values (1004, '充500送30', 500, 30, to_date('01-01-2013', 'dd-mm-yyyy'), to_date('01-07-2014', 'dd-mm-yyyy'), '1');
insert into T_PREFERENTIAL_INFOR (PREFERENTIAL_ID, PREFERENTIAL_NAME, TEL_CHARGE, DISCOUNT_AMOUNT, START_TIME, ENDTIME, IS_AVAILABLE)
values (1005, '充1000送80', 1000, 80, to_date('01-01-2013', 'dd-mm-yyyy'), to_date('01-07-2014', 'dd-mm-yyyy'), '1');
insert into T_PREFERENTIAL_INFOR (PREFERENTIAL_ID, PREFERENTIAL_NAME, TEL_CHARGE, DISCOUNT_AMOUNT, START_TIME, ENDTIME, IS_AVAILABLE)
values (1006, '充20送1', 20, 1, to_date('01-01-2012', 'dd-mm-yyyy'), to_date('01-01-2013', 'dd-mm-yyyy'), '0');
commit;

insert into T_RECHARGE_CARD (CARD_ID, CARD_PWD, CARD_CHARGE, IS_AVAILABLE)
values (2015028802, '123', 20, '0');
insert into T_RECHARGE_CARD (CARD_ID, CARD_PWD, CARD_CHARGE, IS_AVAILABLE)
values (2015028803, '123', 50, '0');
insert into T_RECHARGE_CARD (CARD_ID, CARD_PWD, CARD_CHARGE, IS_AVAILABLE)
values (2015028804, '123', 100, '0');
insert into T_RECHARGE_CARD (CARD_ID, CARD_PWD, CARD_CHARGE, IS_AVAILABLE)
values (2015028805, '123', 150, '0');
insert into T_RECHARGE_CARD (CARD_ID, CARD_PWD, CARD_CHARGE, IS_AVAILABLE)
values (2015028806, '123', 200, '0');
insert into T_RECHARGE_CARD (CARD_ID, CARD_PWD, CARD_CHARGE, IS_AVAILABLE)
values (2015028807, '123', 250, '0');
insert into T_RECHARGE_CARD (CARD_ID, CARD_PWD, CARD_CHARGE, IS_AVAILABLE)
values (2015028808, '123', 300, '1');
insert into T_RECHARGE_CARD (CARD_ID, CARD_PWD, CARD_CHARGE, IS_AVAILABLE)
values (2015028809, '123', 350, '1');
insert into T_RECHARGE_CARD (CARD_ID, CARD_PWD, CARD_CHARGE, IS_AVAILABLE)
values (2015028810, '123', 400, '1');
insert into T_RECHARGE_CARD (CARD_ID, CARD_PWD, CARD_CHARGE, IS_AVAILABLE)
values (2015028811, '123', 450, '1');
insert into T_RECHARGE_CARD (CARD_ID, CARD_PWD, CARD_CHARGE, IS_AVAILABLE)
values (2015028812, '123', 500, '1');
insert into T_RECHARGE_CARD (CARD_ID, CARD_PWD, CARD_CHARGE, IS_AVAILABLE)
values (2015028813, '123', 550, '1');
insert into T_RECHARGE_CARD (CARD_ID, CARD_PWD, CARD_CHARGE, IS_AVAILABLE)
values (2015028814, '123', 600, '1');
insert into T_RECHARGE_CARD (CARD_ID, CARD_PWD, CARD_CHARGE, IS_AVAILABLE)
values (2015028815, '123', 650, '1');
insert into T_RECHARGE_CARD (CARD_ID, CARD_PWD, CARD_CHARGE, IS_AVAILABLE)
values (2015028816, '123', 700, '1');
insert into T_RECHARGE_CARD (CARD_ID, CARD_PWD, CARD_CHARGE, IS_AVAILABLE)
values (2015028817, '123', 750, '1');
insert into T_RECHARGE_CARD (CARD_ID, CARD_PWD, CARD_CHARGE, IS_AVAILABLE)
values (2015028818, '123', 800, '1');
insert into T_RECHARGE_CARD (CARD_ID, CARD_PWD, CARD_CHARGE, IS_AVAILABLE)
values (2015028819, '123', 850, '1');
insert into T_RECHARGE_CARD (CARD_ID, CARD_PWD, CARD_CHARGE, IS_AVAILABLE)
values (2015028820, '123', 900, '1');
insert into T_RECHARGE_CARD (CARD_ID, CARD_PWD, CARD_CHARGE, IS_AVAILABLE)
values (2015018801, '123', 10, '1');
insert into T_RECHARGE_CARD (CARD_ID, CARD_PWD, CARD_CHARGE, IS_AVAILABLE)
values (2015018802, '123', 20, '1');
insert into T_RECHARGE_CARD (CARD_ID, CARD_PWD, CARD_CHARGE, IS_AVAILABLE)
values (2015018803, '123', 50, '1');
insert into T_RECHARGE_CARD (CARD_ID, CARD_PWD, CARD_CHARGE, IS_AVAILABLE)
values (2015018804, '123', 100, '1');
insert into T_RECHARGE_CARD (CARD_ID, CARD_PWD, CARD_CHARGE, IS_AVAILABLE)
values (2015018805, '123', 150, '1');
insert into T_RECHARGE_CARD (CARD_ID, CARD_PWD, CARD_CHARGE, IS_AVAILABLE)
values (2015018806, '123', 200, '1');
insert into T_RECHARGE_CARD (CARD_ID, CARD_PWD, CARD_CHARGE, IS_AVAILABLE)
values (2015018807, '123', 250, '1');
insert into T_RECHARGE_CARD (CARD_ID, CARD_PWD, CARD_CHARGE, IS_AVAILABLE)
values (2015018808, '123', 300, '1');
insert into T_RECHARGE_CARD (CARD_ID, CARD_PWD, CARD_CHARGE, IS_AVAILABLE)
values (2015018809, '123', 350, '1');
insert into T_RECHARGE_CARD (CARD_ID, CARD_PWD, CARD_CHARGE, IS_AVAILABLE)
values (2015018810, '123', 400, '1');
insert into T_RECHARGE_CARD (CARD_ID, CARD_PWD, CARD_CHARGE, IS_AVAILABLE)
values (2015018811, '123', 450, '1');
insert into T_RECHARGE_CARD (CARD_ID, CARD_PWD, CARD_CHARGE, IS_AVAILABLE)
values (2015018812, '123', 500, '1');
insert into T_RECHARGE_CARD (CARD_ID, CARD_PWD, CARD_CHARGE, IS_AVAILABLE)
values (2015018813, '123', 550, '1');
insert into T_RECHARGE_CARD (CARD_ID, CARD_PWD, CARD_CHARGE, IS_AVAILABLE)
values (2015018814, '123', 600, '1');
insert into T_RECHARGE_CARD (CARD_ID, CARD_PWD, CARD_CHARGE, IS_AVAILABLE)
values (2015018815, '123', 650, '1');
insert into T_RECHARGE_CARD (CARD_ID, CARD_PWD, CARD_CHARGE, IS_AVAILABLE)
values (2015018816, '123', 700, '1');
insert into T_RECHARGE_CARD (CARD_ID, CARD_PWD, CARD_CHARGE, IS_AVAILABLE)
values (2015018817, '123', 750, '1');
insert into T_RECHARGE_CARD (CARD_ID, CARD_PWD, CARD_CHARGE, IS_AVAILABLE)
values (2015018818, '123', 800, '1');
insert into T_RECHARGE_CARD (CARD_ID, CARD_PWD, CARD_CHARGE, IS_AVAILABLE)
values (2015018819, '123', 850, '1');
insert into T_RECHARGE_CARD (CARD_ID, CARD_PWD, CARD_CHARGE, IS_AVAILABLE)
values (2015018820, '123', 900, '1');
insert into T_RECHARGE_CARD (CARD_ID, CARD_PWD, CARD_CHARGE, IS_AVAILABLE)
values (2015018821, '123', 950, '1');
insert into T_RECHARGE_CARD (CARD_ID, CARD_PWD, CARD_CHARGE, IS_AVAILABLE)
values (2015028801, '123', 10, '1');
insert into T_RECHARGE_CARD (CARD_ID, CARD_PWD, CARD_CHARGE, IS_AVAILABLE)
values (2015028821, '123', 950, '1');
insert into T_RECHARGE_CARD (CARD_ID, CARD_PWD, CARD_CHARGE, IS_AVAILABLE)
values (2015038801, '123', 10, '1');
insert into T_RECHARGE_CARD (CARD_ID, CARD_PWD, CARD_CHARGE, IS_AVAILABLE)
values (2015038802, '123', 20, '1');
insert into T_RECHARGE_CARD (CARD_ID, CARD_PWD, CARD_CHARGE, IS_AVAILABLE)
values (2015038803, '123', 50, '1');
insert into T_RECHARGE_CARD (CARD_ID, CARD_PWD, CARD_CHARGE, IS_AVAILABLE)
values (2015038804, '123', 100, '1');
insert into T_RECHARGE_CARD (CARD_ID, CARD_PWD, CARD_CHARGE, IS_AVAILABLE)
values (2015038805, '123', 150, '1');
insert into T_RECHARGE_CARD (CARD_ID, CARD_PWD, CARD_CHARGE, IS_AVAILABLE)
values (2015038806, '123', 200, '1');
insert into T_RECHARGE_CARD (CARD_ID, CARD_PWD, CARD_CHARGE, IS_AVAILABLE)
values (2015038807, '123', 250, '1');
insert into T_RECHARGE_CARD (CARD_ID, CARD_PWD, CARD_CHARGE, IS_AVAILABLE)
values (2015038808, '123', 300, '1');
insert into T_RECHARGE_CARD (CARD_ID, CARD_PWD, CARD_CHARGE, IS_AVAILABLE)
values (2015038809, '123', 350, '1');
insert into T_RECHARGE_CARD (CARD_ID, CARD_PWD, CARD_CHARGE, IS_AVAILABLE)
values (2015038810, '123', 400, '1');
insert into T_RECHARGE_CARD (CARD_ID, CARD_PWD, CARD_CHARGE, IS_AVAILABLE)
values (2015038811, '123', 450, '1');
insert into T_RECHARGE_CARD (CARD_ID, CARD_PWD, CARD_CHARGE, IS_AVAILABLE)
values (2015038812, '123', 500, '1');
insert into T_RECHARGE_CARD (CARD_ID, CARD_PWD, CARD_CHARGE, IS_AVAILABLE)
values (2015038813, '123', 550, '1');
insert into T_RECHARGE_CARD (CARD_ID, CARD_PWD, CARD_CHARGE, IS_AVAILABLE)
values (2015038814, '123', 600, '1');
insert into T_RECHARGE_CARD (CARD_ID, CARD_PWD, CARD_CHARGE, IS_AVAILABLE)
values (2015038815, '123', 650, '1');
insert into T_RECHARGE_CARD (CARD_ID, CARD_PWD, CARD_CHARGE, IS_AVAILABLE)
values (2015038816, '123', 700, '1');
insert into T_RECHARGE_CARD (CARD_ID, CARD_PWD, CARD_CHARGE, IS_AVAILABLE)
values (2015038817, '123', 750, '1');
insert into T_RECHARGE_CARD (CARD_ID, CARD_PWD, CARD_CHARGE, IS_AVAILABLE)
values (2015038818, '123', 800, '1');
insert into T_RECHARGE_CARD (CARD_ID, CARD_PWD, CARD_CHARGE, IS_AVAILABLE)
values (2015038819, '123', 850, '1');
insert into T_RECHARGE_CARD (CARD_ID, CARD_PWD, CARD_CHARGE, IS_AVAILABLE)
values (2015038820, '123', 900, '1');
insert into T_RECHARGE_CARD (CARD_ID, CARD_PWD, CARD_CHARGE, IS_AVAILABLE)
values (2015038821, '123', 950, '1');
insert into T_RECHARGE_CARD (CARD_ID, CARD_PWD, CARD_CHARGE, IS_AVAILABLE)
values (2015048801, '123', 10, '1');
insert into T_RECHARGE_CARD (CARD_ID, CARD_PWD, CARD_CHARGE, IS_AVAILABLE)
values (2015048802, '123', 20, '1');
insert into T_RECHARGE_CARD (CARD_ID, CARD_PWD, CARD_CHARGE, IS_AVAILABLE)
values (2015048803, '123', 50, '1');
insert into T_RECHARGE_CARD (CARD_ID, CARD_PWD, CARD_CHARGE, IS_AVAILABLE)
values (2015048804, '123', 100, '1');
insert into T_RECHARGE_CARD (CARD_ID, CARD_PWD, CARD_CHARGE, IS_AVAILABLE)
values (2015048805, '123', 150, '1');
insert into T_RECHARGE_CARD (CARD_ID, CARD_PWD, CARD_CHARGE, IS_AVAILABLE)
values (2015048806, '123', 200, '1');
insert into T_RECHARGE_CARD (CARD_ID, CARD_PWD, CARD_CHARGE, IS_AVAILABLE)
values (2015048807, '123', 250, '1');
insert into T_RECHARGE_CARD (CARD_ID, CARD_PWD, CARD_CHARGE, IS_AVAILABLE)
values (2015048808, '123', 300, '1');
insert into T_RECHARGE_CARD (CARD_ID, CARD_PWD, CARD_CHARGE, IS_AVAILABLE)
values (2015048809, '123', 350, '1');
insert into T_RECHARGE_CARD (CARD_ID, CARD_PWD, CARD_CHARGE, IS_AVAILABLE)
values (2015048810, '123', 400, '1');
insert into T_RECHARGE_CARD (CARD_ID, CARD_PWD, CARD_CHARGE, IS_AVAILABLE)
values (2015048811, '123', 450, '1');
insert into T_RECHARGE_CARD (CARD_ID, CARD_PWD, CARD_CHARGE, IS_AVAILABLE)
values (2015048812, '123', 500, '1');
insert into T_RECHARGE_CARD (CARD_ID, CARD_PWD, CARD_CHARGE, IS_AVAILABLE)
values (2015048813, '123', 550, '1');
insert into T_RECHARGE_CARD (CARD_ID, CARD_PWD, CARD_CHARGE, IS_AVAILABLE)
values (2015048814, '123', 600, '1');
insert into T_RECHARGE_CARD (CARD_ID, CARD_PWD, CARD_CHARGE, IS_AVAILABLE)
values (2015048815, '123', 650, '1');
insert into T_RECHARGE_CARD (CARD_ID, CARD_PWD, CARD_CHARGE, IS_AVAILABLE)
values (2015048816, '123', 700, '1');
insert into T_RECHARGE_CARD (CARD_ID, CARD_PWD, CARD_CHARGE, IS_AVAILABLE)
values (2015048817, '123', 750, '1');
insert into T_RECHARGE_CARD (CARD_ID, CARD_PWD, CARD_CHARGE, IS_AVAILABLE)
values (2015048818, '123', 800, '1');
insert into T_RECHARGE_CARD (CARD_ID, CARD_PWD, CARD_CHARGE, IS_AVAILABLE)
values (2015048819, '123', 850, '1');
insert into T_RECHARGE_CARD (CARD_ID, CARD_PWD, CARD_CHARGE, IS_AVAILABLE)
values (2015048820, '123', 900, '1');
insert into T_RECHARGE_CARD (CARD_ID, CARD_PWD, CARD_CHARGE, IS_AVAILABLE)
values (2015048821, '123', 950, '1');
insert into T_RECHARGE_CARD (CARD_ID, CARD_PWD, CARD_CHARGE, IS_AVAILABLE)
values (2015058801, '123', 10, '1');
insert into T_RECHARGE_CARD (CARD_ID, CARD_PWD, CARD_CHARGE, IS_AVAILABLE)
values (2015058802, '123', 20, '1');
insert into T_RECHARGE_CARD (CARD_ID, CARD_PWD, CARD_CHARGE, IS_AVAILABLE)
values (2015058803, '123', 50, '1');
insert into T_RECHARGE_CARD (CARD_ID, CARD_PWD, CARD_CHARGE, IS_AVAILABLE)
values (2015058804, '123', 100, '1');
insert into T_RECHARGE_CARD (CARD_ID, CARD_PWD, CARD_CHARGE, IS_AVAILABLE)
values (2015058805, '123', 150, '1');
insert into T_RECHARGE_CARD (CARD_ID, CARD_PWD, CARD_CHARGE, IS_AVAILABLE)
values (2015058806, '123', 200, '1');
insert into T_RECHARGE_CARD (CARD_ID, CARD_PWD, CARD_CHARGE, IS_AVAILABLE)
values (2015058807, '123', 250, '1');
insert into T_RECHARGE_CARD (CARD_ID, CARD_PWD, CARD_CHARGE, IS_AVAILABLE)
values (2015058808, '123', 300, '1');
insert into T_RECHARGE_CARD (CARD_ID, CARD_PWD, CARD_CHARGE, IS_AVAILABLE)
values (2015058809, '123', 350, '1');
insert into T_RECHARGE_CARD (CARD_ID, CARD_PWD, CARD_CHARGE, IS_AVAILABLE)
values (2015058810, '123', 400, '1');
insert into T_RECHARGE_CARD (CARD_ID, CARD_PWD, CARD_CHARGE, IS_AVAILABLE)
values (2015058811, '123', 450, '1');
insert into T_RECHARGE_CARD (CARD_ID, CARD_PWD, CARD_CHARGE, IS_AVAILABLE)
values (2015058812, '123', 500, '1');
insert into T_RECHARGE_CARD (CARD_ID, CARD_PWD, CARD_CHARGE, IS_AVAILABLE)
values (2015058813, '123', 550, '1');
insert into T_RECHARGE_CARD (CARD_ID, CARD_PWD, CARD_CHARGE, IS_AVAILABLE)
values (2015058814, '123', 600, '1');
insert into T_RECHARGE_CARD (CARD_ID, CARD_PWD, CARD_CHARGE, IS_AVAILABLE)
values (2015058815, '123', 650, '1');
insert into T_RECHARGE_CARD (CARD_ID, CARD_PWD, CARD_CHARGE, IS_AVAILABLE)
values (2015058816, '123', 700, '1');
commit;

insert into T_RECHARGE_CARD (CARD_ID, CARD_PWD, CARD_CHARGE, IS_AVAILABLE)
values (2015058817, '123', 750, '1');
insert into T_RECHARGE_CARD (CARD_ID, CARD_PWD, CARD_CHARGE, IS_AVAILABLE)
values (2015058818, '123', 800, '1');
insert into T_RECHARGE_CARD (CARD_ID, CARD_PWD, CARD_CHARGE, IS_AVAILABLE)
values (2015058819, '123', 850, '1');
insert into T_RECHARGE_CARD (CARD_ID, CARD_PWD, CARD_CHARGE, IS_AVAILABLE)
values (2015058820, '123', 900, '1');
insert into T_RECHARGE_CARD (CARD_ID, CARD_PWD, CARD_CHARGE, IS_AVAILABLE)
values (2015058821, '123', 950, '1');
insert into T_RECHARGE_CARD (CARD_ID, CARD_PWD, CARD_CHARGE, IS_AVAILABLE)
values (2015068801, '123', 10, '1');
insert into T_RECHARGE_CARD (CARD_ID, CARD_PWD, CARD_CHARGE, IS_AVAILABLE)
values (2015068802, '123', 20, '1');
insert into T_RECHARGE_CARD (CARD_ID, CARD_PWD, CARD_CHARGE, IS_AVAILABLE)
values (2015068803, '123', 50, '1');
insert into T_RECHARGE_CARD (CARD_ID, CARD_PWD, CARD_CHARGE, IS_AVAILABLE)
values (2015068804, '123', 100, '1');
insert into T_RECHARGE_CARD (CARD_ID, CARD_PWD, CARD_CHARGE, IS_AVAILABLE)
values (2015068805, '123', 150, '1');
insert into T_RECHARGE_CARD (CARD_ID, CARD_PWD, CARD_CHARGE, IS_AVAILABLE)
values (2015068806, '123', 200, '1');
insert into T_RECHARGE_CARD (CARD_ID, CARD_PWD, CARD_CHARGE, IS_AVAILABLE)
values (2015068807, '123', 250, '1');
insert into T_RECHARGE_CARD (CARD_ID, CARD_PWD, CARD_CHARGE, IS_AVAILABLE)
values (2015068808, '123', 300, '1');
insert into T_RECHARGE_CARD (CARD_ID, CARD_PWD, CARD_CHARGE, IS_AVAILABLE)
values (2015068809, '123', 350, '1');
insert into T_RECHARGE_CARD (CARD_ID, CARD_PWD, CARD_CHARGE, IS_AVAILABLE)
values (2015068810, '123', 400, '1');
insert into T_RECHARGE_CARD (CARD_ID, CARD_PWD, CARD_CHARGE, IS_AVAILABLE)
values (2015068811, '123', 450, '1');
insert into T_RECHARGE_CARD (CARD_ID, CARD_PWD, CARD_CHARGE, IS_AVAILABLE)
values (2015068812, '123', 500, '1');
insert into T_RECHARGE_CARD (CARD_ID, CARD_PWD, CARD_CHARGE, IS_AVAILABLE)
values (2015068813, '123', 550, '1');
insert into T_RECHARGE_CARD (CARD_ID, CARD_PWD, CARD_CHARGE, IS_AVAILABLE)
values (2015068814, '123', 600, '1');
insert into T_RECHARGE_CARD (CARD_ID, CARD_PWD, CARD_CHARGE, IS_AVAILABLE)
values (2015068815, '123', 650, '1');
insert into T_RECHARGE_CARD (CARD_ID, CARD_PWD, CARD_CHARGE, IS_AVAILABLE)
values (2015068816, '123', 700, '1');
insert into T_RECHARGE_CARD (CARD_ID, CARD_PWD, CARD_CHARGE, IS_AVAILABLE)
values (2015068817, '123', 750, '1');
insert into T_RECHARGE_CARD (CARD_ID, CARD_PWD, CARD_CHARGE, IS_AVAILABLE)
values (2015068818, '123', 800, '1');
insert into T_RECHARGE_CARD (CARD_ID, CARD_PWD, CARD_CHARGE, IS_AVAILABLE)
values (2015068819, '123', 850, '1');
insert into T_RECHARGE_CARD (CARD_ID, CARD_PWD, CARD_CHARGE, IS_AVAILABLE)
values (2015068820, '123', 900, '1');
insert into T_RECHARGE_CARD (CARD_ID, CARD_PWD, CARD_CHARGE, IS_AVAILABLE)
values (2015068821, '123', 950, '1');
insert into T_RECHARGE_CARD (CARD_ID, CARD_PWD, CARD_CHARGE, IS_AVAILABLE)
values (2015078801, '123', 10, '1');
insert into T_RECHARGE_CARD (CARD_ID, CARD_PWD, CARD_CHARGE, IS_AVAILABLE)
values (2015078802, '123', 20, '1');
insert into T_RECHARGE_CARD (CARD_ID, CARD_PWD, CARD_CHARGE, IS_AVAILABLE)
values (2015078803, '123', 50, '1');
insert into T_RECHARGE_CARD (CARD_ID, CARD_PWD, CARD_CHARGE, IS_AVAILABLE)
values (2015078804, '123', 100, '1');
insert into T_RECHARGE_CARD (CARD_ID, CARD_PWD, CARD_CHARGE, IS_AVAILABLE)
values (2015078805, '123', 150, '1');
insert into T_RECHARGE_CARD (CARD_ID, CARD_PWD, CARD_CHARGE, IS_AVAILABLE)
values (2015078806, '123', 200, '1');
insert into T_RECHARGE_CARD (CARD_ID, CARD_PWD, CARD_CHARGE, IS_AVAILABLE)
values (2015078807, '123', 250, '1');
insert into T_RECHARGE_CARD (CARD_ID, CARD_PWD, CARD_CHARGE, IS_AVAILABLE)
values (2015078808, '123', 300, '1');
insert into T_RECHARGE_CARD (CARD_ID, CARD_PWD, CARD_CHARGE, IS_AVAILABLE)
values (2015078809, '123', 350, '1');
insert into T_RECHARGE_CARD (CARD_ID, CARD_PWD, CARD_CHARGE, IS_AVAILABLE)
values (2015078810, '123', 400, '1');
insert into T_RECHARGE_CARD (CARD_ID, CARD_PWD, CARD_CHARGE, IS_AVAILABLE)
values (2015078811, '123', 450, '1');
insert into T_RECHARGE_CARD (CARD_ID, CARD_PWD, CARD_CHARGE, IS_AVAILABLE)
values (2015078812, '123', 500, '1');
insert into T_RECHARGE_CARD (CARD_ID, CARD_PWD, CARD_CHARGE, IS_AVAILABLE)
values (2015078813, '123', 550, '1');
insert into T_RECHARGE_CARD (CARD_ID, CARD_PWD, CARD_CHARGE, IS_AVAILABLE)
values (2015078814, '123', 600, '1');
insert into T_RECHARGE_CARD (CARD_ID, CARD_PWD, CARD_CHARGE, IS_AVAILABLE)
values (2015078815, '123', 650, '1');
insert into T_RECHARGE_CARD (CARD_ID, CARD_PWD, CARD_CHARGE, IS_AVAILABLE)
values (2015078816, '123', 700, '1');
insert into T_RECHARGE_CARD (CARD_ID, CARD_PWD, CARD_CHARGE, IS_AVAILABLE)
values (2015078817, '123', 750, '1');
insert into T_RECHARGE_CARD (CARD_ID, CARD_PWD, CARD_CHARGE, IS_AVAILABLE)
values (2015078818, '123', 800, '1');
insert into T_RECHARGE_CARD (CARD_ID, CARD_PWD, CARD_CHARGE, IS_AVAILABLE)
values (2015078819, '123', 850, '1');
insert into T_RECHARGE_CARD (CARD_ID, CARD_PWD, CARD_CHARGE, IS_AVAILABLE)
values (2015078820, '123', 900, '1');
insert into T_RECHARGE_CARD (CARD_ID, CARD_PWD, CARD_CHARGE, IS_AVAILABLE)
values (2015078821, '123', 950, '1');
insert into T_RECHARGE_CARD (CARD_ID, CARD_PWD, CARD_CHARGE, IS_AVAILABLE)
values (2015088801, '123', 10, '1');
insert into T_RECHARGE_CARD (CARD_ID, CARD_PWD, CARD_CHARGE, IS_AVAILABLE)
values (2015088802, '123', 20, '1');
insert into T_RECHARGE_CARD (CARD_ID, CARD_PWD, CARD_CHARGE, IS_AVAILABLE)
values (2015088803, '123', 50, '1');
insert into T_RECHARGE_CARD (CARD_ID, CARD_PWD, CARD_CHARGE, IS_AVAILABLE)
values (2015088804, '123', 100, '1');
insert into T_RECHARGE_CARD (CARD_ID, CARD_PWD, CARD_CHARGE, IS_AVAILABLE)
values (2015088805, '123', 150, '1');
insert into T_RECHARGE_CARD (CARD_ID, CARD_PWD, CARD_CHARGE, IS_AVAILABLE)
values (2015088806, '123', 200, '1');
insert into T_RECHARGE_CARD (CARD_ID, CARD_PWD, CARD_CHARGE, IS_AVAILABLE)
values (2015088807, '123', 250, '1');
insert into T_RECHARGE_CARD (CARD_ID, CARD_PWD, CARD_CHARGE, IS_AVAILABLE)
values (2015088808, '123', 300, '1');
insert into T_RECHARGE_CARD (CARD_ID, CARD_PWD, CARD_CHARGE, IS_AVAILABLE)
values (2015088809, '123', 350, '1');
insert into T_RECHARGE_CARD (CARD_ID, CARD_PWD, CARD_CHARGE, IS_AVAILABLE)
values (2015088810, '123', 400, '1');
insert into T_RECHARGE_CARD (CARD_ID, CARD_PWD, CARD_CHARGE, IS_AVAILABLE)
values (2015088811, '123', 450, '1');
insert into T_RECHARGE_CARD (CARD_ID, CARD_PWD, CARD_CHARGE, IS_AVAILABLE)
values (2015088812, '123', 500, '1');
insert into T_RECHARGE_CARD (CARD_ID, CARD_PWD, CARD_CHARGE, IS_AVAILABLE)
values (2015088813, '123', 550, '1');
insert into T_RECHARGE_CARD (CARD_ID, CARD_PWD, CARD_CHARGE, IS_AVAILABLE)
values (2015088814, '123', 600, '1');
insert into T_RECHARGE_CARD (CARD_ID, CARD_PWD, CARD_CHARGE, IS_AVAILABLE)
values (2015088815, '123', 650, '1');
insert into T_RECHARGE_CARD (CARD_ID, CARD_PWD, CARD_CHARGE, IS_AVAILABLE)
values (2015088816, '123', 700, '1');
insert into T_RECHARGE_CARD (CARD_ID, CARD_PWD, CARD_CHARGE, IS_AVAILABLE)
values (2015088817, '123', 750, '1');
insert into T_RECHARGE_CARD (CARD_ID, CARD_PWD, CARD_CHARGE, IS_AVAILABLE)
values (2015088818, '123', 800, '1');
insert into T_RECHARGE_CARD (CARD_ID, CARD_PWD, CARD_CHARGE, IS_AVAILABLE)
values (2015088819, '123', 850, '1');
insert into T_RECHARGE_CARD (CARD_ID, CARD_PWD, CARD_CHARGE, IS_AVAILABLE)
values (2015088820, '123', 900, '1');
insert into T_RECHARGE_CARD (CARD_ID, CARD_PWD, CARD_CHARGE, IS_AVAILABLE)
values (2015088821, '123', 950, '1');
insert into T_RECHARGE_CARD (CARD_ID, CARD_PWD, CARD_CHARGE, IS_AVAILABLE)
values (2015098801, '123', 10, '1');
insert into T_RECHARGE_CARD (CARD_ID, CARD_PWD, CARD_CHARGE, IS_AVAILABLE)
values (2015098802, '123', 20, '1');
insert into T_RECHARGE_CARD (CARD_ID, CARD_PWD, CARD_CHARGE, IS_AVAILABLE)
values (2015098803, '123', 50, '1');
insert into T_RECHARGE_CARD (CARD_ID, CARD_PWD, CARD_CHARGE, IS_AVAILABLE)
values (2015098804, '123', 100, '1');
insert into T_RECHARGE_CARD (CARD_ID, CARD_PWD, CARD_CHARGE, IS_AVAILABLE)
values (2015098805, '123', 150, '1');
insert into T_RECHARGE_CARD (CARD_ID, CARD_PWD, CARD_CHARGE, IS_AVAILABLE)
values (2015098806, '123', 200, '1');
insert into T_RECHARGE_CARD (CARD_ID, CARD_PWD, CARD_CHARGE, IS_AVAILABLE)
values (2015098807, '123', 250, '1');
insert into T_RECHARGE_CARD (CARD_ID, CARD_PWD, CARD_CHARGE, IS_AVAILABLE)
values (2015098808, '123', 300, '1');
insert into T_RECHARGE_CARD (CARD_ID, CARD_PWD, CARD_CHARGE, IS_AVAILABLE)
values (2015098809, '123', 350, '1');
insert into T_RECHARGE_CARD (CARD_ID, CARD_PWD, CARD_CHARGE, IS_AVAILABLE)
values (2015098810, '123', 400, '1');
insert into T_RECHARGE_CARD (CARD_ID, CARD_PWD, CARD_CHARGE, IS_AVAILABLE)
values (2015098811, '123', 450, '1');
insert into T_RECHARGE_CARD (CARD_ID, CARD_PWD, CARD_CHARGE, IS_AVAILABLE)
values (2015098812, '123', 500, '1');
insert into T_RECHARGE_CARD (CARD_ID, CARD_PWD, CARD_CHARGE, IS_AVAILABLE)
values (2015098813, '123', 550, '1');
insert into T_RECHARGE_CARD (CARD_ID, CARD_PWD, CARD_CHARGE, IS_AVAILABLE)
values (2015098814, '123', 600, '1');
insert into T_RECHARGE_CARD (CARD_ID, CARD_PWD, CARD_CHARGE, IS_AVAILABLE)
values (2015098815, '123', 650, '1');
insert into T_RECHARGE_CARD (CARD_ID, CARD_PWD, CARD_CHARGE, IS_AVAILABLE)
values (2015098816, '123', 700, '1');
insert into T_RECHARGE_CARD (CARD_ID, CARD_PWD, CARD_CHARGE, IS_AVAILABLE)
values (2015098817, '123', 750, '1');
insert into T_RECHARGE_CARD (CARD_ID, CARD_PWD, CARD_CHARGE, IS_AVAILABLE)
values (2015098818, '123', 800, '1');
insert into T_RECHARGE_CARD (CARD_ID, CARD_PWD, CARD_CHARGE, IS_AVAILABLE)
values (2015098819, '123', 850, '1');
insert into T_RECHARGE_CARD (CARD_ID, CARD_PWD, CARD_CHARGE, IS_AVAILABLE)
values (2015098820, '123', 900, '1');
insert into T_RECHARGE_CARD (CARD_ID, CARD_PWD, CARD_CHARGE, IS_AVAILABLE)
values (2015098821, '123', 950, '1');
insert into T_RECHARGE_CARD (CARD_ID, CARD_PWD, CARD_CHARGE, IS_AVAILABLE)
values (2015108801, '123', 10, '1');
insert into T_RECHARGE_CARD (CARD_ID, CARD_PWD, CARD_CHARGE, IS_AVAILABLE)
values (2015108802, '123', 20, '1');
insert into T_RECHARGE_CARD (CARD_ID, CARD_PWD, CARD_CHARGE, IS_AVAILABLE)
values (2015108803, '123', 50, '1');
insert into T_RECHARGE_CARD (CARD_ID, CARD_PWD, CARD_CHARGE, IS_AVAILABLE)
values (2015108804, '123', 100, '1');
insert into T_RECHARGE_CARD (CARD_ID, CARD_PWD, CARD_CHARGE, IS_AVAILABLE)
values (2015108805, '123', 150, '1');
insert into T_RECHARGE_CARD (CARD_ID, CARD_PWD, CARD_CHARGE, IS_AVAILABLE)
values (2015108806, '123', 200, '1');
insert into T_RECHARGE_CARD (CARD_ID, CARD_PWD, CARD_CHARGE, IS_AVAILABLE)
values (2015108807, '123', 250, '1');
insert into T_RECHARGE_CARD (CARD_ID, CARD_PWD, CARD_CHARGE, IS_AVAILABLE)
values (2015108808, '123', 300, '1');
insert into T_RECHARGE_CARD (CARD_ID, CARD_PWD, CARD_CHARGE, IS_AVAILABLE)
values (2015108809, '123', 350, '1');
insert into T_RECHARGE_CARD (CARD_ID, CARD_PWD, CARD_CHARGE, IS_AVAILABLE)
values (2015108810, '123', 400, '1');
insert into T_RECHARGE_CARD (CARD_ID, CARD_PWD, CARD_CHARGE, IS_AVAILABLE)
values (2015108811, '123', 450, '1');
commit;

insert into T_RECHARGE_CARD (CARD_ID, CARD_PWD, CARD_CHARGE, IS_AVAILABLE)
values (2015108812, '123', 500, '1');
insert into T_RECHARGE_CARD (CARD_ID, CARD_PWD, CARD_CHARGE, IS_AVAILABLE)
values (2015108813, '123', 550, '1');
insert into T_RECHARGE_CARD (CARD_ID, CARD_PWD, CARD_CHARGE, IS_AVAILABLE)
values (2015108814, '123', 600, '1');
insert into T_RECHARGE_CARD (CARD_ID, CARD_PWD, CARD_CHARGE, IS_AVAILABLE)
values (2015108815, '123', 650, '1');
insert into T_RECHARGE_CARD (CARD_ID, CARD_PWD, CARD_CHARGE, IS_AVAILABLE)
values (2015108816, '123', 700, '1');
insert into T_RECHARGE_CARD (CARD_ID, CARD_PWD, CARD_CHARGE, IS_AVAILABLE)
values (2015108817, '123', 750, '1');
insert into T_RECHARGE_CARD (CARD_ID, CARD_PWD, CARD_CHARGE, IS_AVAILABLE)
values (2015108818, '123', 800, '1');
insert into T_RECHARGE_CARD (CARD_ID, CARD_PWD, CARD_CHARGE, IS_AVAILABLE)
values (2015108819, '123', 850, '1');
insert into T_RECHARGE_CARD (CARD_ID, CARD_PWD, CARD_CHARGE, IS_AVAILABLE)
values (2015108820, '123', 900, '1');
insert into T_RECHARGE_CARD (CARD_ID, CARD_PWD, CARD_CHARGE, IS_AVAILABLE)
values (2015108821, '123', 950, '1');
insert into T_RECHARGE_CARD (CARD_ID, CARD_PWD, CARD_CHARGE, IS_AVAILABLE)
values (2015118801, '123', 10, '1');
insert into T_RECHARGE_CARD (CARD_ID, CARD_PWD, CARD_CHARGE, IS_AVAILABLE)
values (2015118802, '123', 20, '1');
insert into T_RECHARGE_CARD (CARD_ID, CARD_PWD, CARD_CHARGE, IS_AVAILABLE)
values (2015118803, '123', 50, '1');
insert into T_RECHARGE_CARD (CARD_ID, CARD_PWD, CARD_CHARGE, IS_AVAILABLE)
values (2015118804, '123', 100, '1');
insert into T_RECHARGE_CARD (CARD_ID, CARD_PWD, CARD_CHARGE, IS_AVAILABLE)
values (2015118805, '123', 150, '1');
insert into T_RECHARGE_CARD (CARD_ID, CARD_PWD, CARD_CHARGE, IS_AVAILABLE)
values (2015118806, '123', 200, '1');
insert into T_RECHARGE_CARD (CARD_ID, CARD_PWD, CARD_CHARGE, IS_AVAILABLE)
values (2015118807, '123', 250, '1');
insert into T_RECHARGE_CARD (CARD_ID, CARD_PWD, CARD_CHARGE, IS_AVAILABLE)
values (2015118808, '123', 300, '1');
insert into T_RECHARGE_CARD (CARD_ID, CARD_PWD, CARD_CHARGE, IS_AVAILABLE)
values (2015118809, '123', 350, '1');
insert into T_RECHARGE_CARD (CARD_ID, CARD_PWD, CARD_CHARGE, IS_AVAILABLE)
values (2015118810, '123', 400, '1');
insert into T_RECHARGE_CARD (CARD_ID, CARD_PWD, CARD_CHARGE, IS_AVAILABLE)
values (2015118811, '123', 450, '1');
insert into T_RECHARGE_CARD (CARD_ID, CARD_PWD, CARD_CHARGE, IS_AVAILABLE)
values (2015118812, '123', 500, '1');
insert into T_RECHARGE_CARD (CARD_ID, CARD_PWD, CARD_CHARGE, IS_AVAILABLE)
values (2015118813, '123', 550, '1');
insert into T_RECHARGE_CARD (CARD_ID, CARD_PWD, CARD_CHARGE, IS_AVAILABLE)
values (2015118814, '123', 600, '1');
insert into T_RECHARGE_CARD (CARD_ID, CARD_PWD, CARD_CHARGE, IS_AVAILABLE)
values (2015118815, '123', 650, '1');
insert into T_RECHARGE_CARD (CARD_ID, CARD_PWD, CARD_CHARGE, IS_AVAILABLE)
values (2015118816, '123', 700, '1');
insert into T_RECHARGE_CARD (CARD_ID, CARD_PWD, CARD_CHARGE, IS_AVAILABLE)
values (2015118817, '123', 750, '1');
insert into T_RECHARGE_CARD (CARD_ID, CARD_PWD, CARD_CHARGE, IS_AVAILABLE)
values (2015118818, '123', 800, '1');
insert into T_RECHARGE_CARD (CARD_ID, CARD_PWD, CARD_CHARGE, IS_AVAILABLE)
values (2015118819, '123', 850, '1');
insert into T_RECHARGE_CARD (CARD_ID, CARD_PWD, CARD_CHARGE, IS_AVAILABLE)
values (2015118820, '123', 900, '1');
insert into T_RECHARGE_CARD (CARD_ID, CARD_PWD, CARD_CHARGE, IS_AVAILABLE)
values (2015118821, '123', 950, '1');
insert into T_RECHARGE_CARD (CARD_ID, CARD_PWD, CARD_CHARGE, IS_AVAILABLE)
values (2015128801, '123', 10, '1');
insert into T_RECHARGE_CARD (CARD_ID, CARD_PWD, CARD_CHARGE, IS_AVAILABLE)
values (2015128802, '123', 20, '1');
insert into T_RECHARGE_CARD (CARD_ID, CARD_PWD, CARD_CHARGE, IS_AVAILABLE)
values (2015128803, '123', 50, '1');
insert into T_RECHARGE_CARD (CARD_ID, CARD_PWD, CARD_CHARGE, IS_AVAILABLE)
values (2015128804, '123', 100, '1');
insert into T_RECHARGE_CARD (CARD_ID, CARD_PWD, CARD_CHARGE, IS_AVAILABLE)
values (2015128805, '123', 150, '1');
insert into T_RECHARGE_CARD (CARD_ID, CARD_PWD, CARD_CHARGE, IS_AVAILABLE)
values (2015128806, '123', 200, '1');
insert into T_RECHARGE_CARD (CARD_ID, CARD_PWD, CARD_CHARGE, IS_AVAILABLE)
values (2015128807, '123', 250, '1');
insert into T_RECHARGE_CARD (CARD_ID, CARD_PWD, CARD_CHARGE, IS_AVAILABLE)
values (2015128808, '123', 300, '1');
insert into T_RECHARGE_CARD (CARD_ID, CARD_PWD, CARD_CHARGE, IS_AVAILABLE)
values (2015128809, '123', 350, '1');
insert into T_RECHARGE_CARD (CARD_ID, CARD_PWD, CARD_CHARGE, IS_AVAILABLE)
values (2015128810, '123', 400, '1');
insert into T_RECHARGE_CARD (CARD_ID, CARD_PWD, CARD_CHARGE, IS_AVAILABLE)
values (2015128811, '123', 450, '1');
insert into T_RECHARGE_CARD (CARD_ID, CARD_PWD, CARD_CHARGE, IS_AVAILABLE)
values (2015128812, '123', 500, '1');
insert into T_RECHARGE_CARD (CARD_ID, CARD_PWD, CARD_CHARGE, IS_AVAILABLE)
values (2015128813, '123', 550, '1');
insert into T_RECHARGE_CARD (CARD_ID, CARD_PWD, CARD_CHARGE, IS_AVAILABLE)
values (2015128814, '123', 600, '1');
insert into T_RECHARGE_CARD (CARD_ID, CARD_PWD, CARD_CHARGE, IS_AVAILABLE)
values (2015128815, '123', 650, '1');
insert into T_RECHARGE_CARD (CARD_ID, CARD_PWD, CARD_CHARGE, IS_AVAILABLE)
values (2015128816, '123', 700, '1');
insert into T_RECHARGE_CARD (CARD_ID, CARD_PWD, CARD_CHARGE, IS_AVAILABLE)
values (2015128817, '123', 750, '1');
insert into T_RECHARGE_CARD (CARD_ID, CARD_PWD, CARD_CHARGE, IS_AVAILABLE)
values (2015128818, '123', 800, '1');
insert into T_RECHARGE_CARD (CARD_ID, CARD_PWD, CARD_CHARGE, IS_AVAILABLE)
values (2015128819, '123', 850, '1');
insert into T_RECHARGE_CARD (CARD_ID, CARD_PWD, CARD_CHARGE, IS_AVAILABLE)
values (2015128820, '123', 900, '1');
insert into T_RECHARGE_CARD (CARD_ID, CARD_PWD, CARD_CHARGE, IS_AVAILABLE)
values (2015128821, '123', 950, '1');
commit;

insert into T_RECHARGE_TYPE (RECHARGE_TYPE_ID, RECHARGE_TYPE_NAME)
values (1001, '在线充值');
insert into T_RECHARGE_TYPE (RECHARGE_TYPE_ID, RECHARGE_TYPE_NAME)
values (1002, '充值卡充值');
insert into T_RECHARGE_TYPE (RECHARGE_TYPE_ID, RECHARGE_TYPE_NAME)
values (1003, '营业厅充值');
commit;

insert into T_RECHARGE_INFOR (RECHARGE_INFOR_ID, TEL_NUMB, RECHARGE_TIME, RECHARGE_TYPE_ID, CARD_ID, BANK_CARD_NUMB, PREFERENTIAL_ID, DISCOUNT_AMOUNT, RECHARGE_MONEY)
values (1161, '13456375432', to_date('09-09-2015 17:11:06', 'dd-mm-yyyy hh24:mi:ss'), 1001, null, 123456, null, 15, 200);
insert into T_RECHARGE_INFOR (RECHARGE_INFOR_ID, TEL_NUMB, RECHARGE_TIME, RECHARGE_TYPE_ID, CARD_ID, BANK_CARD_NUMB, PREFERENTIAL_ID, DISCOUNT_AMOUNT, RECHARGE_MONEY)
values (1160, '13456375432', to_date('09-09-2015 17:10:37', 'dd-mm-yyyy hh24:mi:ss'), 1001, null, 123456, null, 8, 100);
insert into T_RECHARGE_INFOR (RECHARGE_INFOR_ID, TEL_NUMB, RECHARGE_TIME, RECHARGE_TYPE_ID, CARD_ID, BANK_CARD_NUMB, PREFERENTIAL_ID, DISCOUNT_AMOUNT, RECHARGE_MONEY)
values (1162, '13456375432', to_date('09-09-2015 17:11:25', 'dd-mm-yyyy hh24:mi:ss'), 1002, 2015028802, null, null, 0, 20);
insert into T_RECHARGE_INFOR (RECHARGE_INFOR_ID, TEL_NUMB, RECHARGE_TIME, RECHARGE_TYPE_ID, CARD_ID, BANK_CARD_NUMB, PREFERENTIAL_ID, DISCOUNT_AMOUNT, RECHARGE_MONEY)
values (1163, '13456375432', to_date('09-09-2015 17:11:33', 'dd-mm-yyyy hh24:mi:ss'), 1002, 2015028803, null, null, 0, 50);
insert into T_RECHARGE_INFOR (RECHARGE_INFOR_ID, TEL_NUMB, RECHARGE_TIME, RECHARGE_TYPE_ID, CARD_ID, BANK_CARD_NUMB, PREFERENTIAL_ID, DISCOUNT_AMOUNT, RECHARGE_MONEY)
values (1164, '13456375432', to_date('09-09-2015 17:11:39', 'dd-mm-yyyy hh24:mi:ss'), 1002, 2015028804, null, null, 0, 100);
insert into T_RECHARGE_INFOR (RECHARGE_INFOR_ID, TEL_NUMB, RECHARGE_TIME, RECHARGE_TYPE_ID, CARD_ID, BANK_CARD_NUMB, PREFERENTIAL_ID, DISCOUNT_AMOUNT, RECHARGE_MONEY)
values (1165, '13456375432', to_date('09-09-2015 17:11:51', 'dd-mm-yyyy hh24:mi:ss'), 1002, 2015028805, null, null, 0, 150);
insert into T_RECHARGE_INFOR (RECHARGE_INFOR_ID, TEL_NUMB, RECHARGE_TIME, RECHARGE_TYPE_ID, CARD_ID, BANK_CARD_NUMB, PREFERENTIAL_ID, DISCOUNT_AMOUNT, RECHARGE_MONEY)
values (1166, '13023565305', to_date('09-09-2015 17:12:20', 'dd-mm-yyyy hh24:mi:ss'), 1001, null, 123456, null, 30, 500);
insert into T_RECHARGE_INFOR (RECHARGE_INFOR_ID, TEL_NUMB, RECHARGE_TIME, RECHARGE_TYPE_ID, CARD_ID, BANK_CARD_NUMB, PREFERENTIAL_ID, DISCOUNT_AMOUNT, RECHARGE_MONEY)
values (1167, '13023565305', to_date('09-09-2015 17:12:25', 'dd-mm-yyyy hh24:mi:ss'), 1002, 2015028806, null, null, 0, 200);
insert into T_RECHARGE_INFOR (RECHARGE_INFOR_ID, TEL_NUMB, RECHARGE_TIME, RECHARGE_TYPE_ID, CARD_ID, BANK_CARD_NUMB, PREFERENTIAL_ID, DISCOUNT_AMOUNT, RECHARGE_MONEY)
values (1168, '13023565305', to_date('09-09-2015 17:12:31', 'dd-mm-yyyy hh24:mi:ss'), 1002, 2015028807, null, null, 0, 250);
commit;
